vertex,pagerank
0,0.46999165426628986
2,0.14039132426292553
4,0.12987234049026156
3,0.12987234049026156
1,0.12987234049026156
