vertex,authority,hub
1,0.697323562032418,0.370425938622328
0,0.6331202216115382,0.2902333731808756
8,0.15943812001521818,0.04439121440896731
2,0.13569906845932891,0.48738482717880455
4,0.12117737763951668,0.43522786065784796
7,0.12117737763951668,0.25545229941096903
5,0.12117737763951668,0.22811534453446586
6,0.09494399662272957,0.43522786065784796
9,0.09494399662272957,0.2071125161233821
3,0.0835660695623328,0.0
