vertex,authority,hub
1,0.6777326102550147,2.9503975064582357e-89
0,0.557689665939209,0.9369975843134427
3,0.3388663051275074,0.20168913951158665
4,0.3388663051275074,0.20168913951158665
2,8.158129901040324e-89,0.20168913951158665
