vertex,authority,hub
2,0.8164965809277261,2.7992058003499494e-19
1,0.4082482904638631,0.4082482904638631
3,0.4082482904638631,1.7300043261221212e-19
0,3.4600086522442424e-19,0.8164965809277261
4,2.1384029484556569e-19,0.4082482904638631
