vertex,pagerank
1,0.006892784795175977
0,0.0061006047886412625
2,0.0027240751553206733
9,0.0022194864106397354
6,0.0022194864106397354
7,0.0016421908838937075
5,0.0016421908838937075
4,0.0016421908838937075
8,0.0012274655381830334
3,0.0011508460530184977
