vertex,pagerank
2,0.34554645088702934
0,0.266550160037116
4,0.17685643001235438
3,0.10552347953175065
1,0.10552347953175065
