vertex,pagerank
1,0.28398471887043975
0,0.21553064994272036
2,0.10014534162694405
9,0.07606654058025791
6,0.07606654058025791
7,0.06327713802293251
5,0.06327713802293251
4,0.06327713802293251
8,0.043374794330584526
3,0.015000000000000032
