vertex,pagerank
1,0.2737169107926407
0,0.21061672533927575
2,0.0978470832960189
9,0.07467450082822918
6,0.07467450082822918
7,0.06153208204905516
5,0.06153208204905516
4,0.06153208204905516
8,0.04272304848713248
3,0.04115098428130983
